{
  "open": {
    "4": [
      0.8034159463716694,
      -1.0526152607308261
    ],
    "8": [
      0.06598395675418109,
      -2.476902555468738
    ],
    "12": [
      -0.5583322433117885,
      -2.4801938341992673
    ],
    "16": [
      -0.8823038798780058,
      -2.1038548972007645
    ],
    "20": [
      -1.275136080866227,
      -0.7600307008912547
    ]
  },
  "fist": {
    "4": [
      -0.05363111565812884,
      -0.2872818121426134
    ],
    "8": [
      0.026622225184367895,
      -0.21038232828139206
    ],
    "12": [
      -0.11659535108004579,
      0.06349986128959213
    ],
    "16": [
      -0.24628120323825245,
      0.2878285602960654
    ],
    "20": [
      -0.36398464618618687,
      0.607525981643611
    ]
  },
  "scissors": {
    "4": [
      -0.21820130995735473,
      -0.7583830519839434
    ],
    "8": [
      0.05762514996304996,
      -2.6038360097281052
    ],
    "12": [
      -0.7191265564585515,
      -2.4307948129570867
    ],
    "16": [
      -0.5263316089667265,
      -0.5157499463332968
    ],
    "20": [
      -0.589496314290747,
      -0.1043329946708139
    ]
  }
}